"","uid","namedLocation","domainID","siteID","plotID","plotType","nlcdClass","geodeticDatum","decimalLatitude","decimalLongitude","coordinateUncertainty","elevation","elevationUncertainty","samplingProtocolVersion","collectDate","aopCollectDate","samplingImpractical","subplotID","sampleType","samplingMethod","sampleID","sampleCode","sampleCondition","chlorophyllSampleID","chlorophyllSampleCode","chlorophyllSamplePrepMethod","chlorophyllSampleCondition","clipCellNumber","clipID","clipLength","clipWidth","percentCoverClip","toxicodendronPossible","vstTag","tagID","individualID","taxonID","scientificName","plantStatus","canopyStatus","canopyPosition","leafSamplePosition","subsample1Height","subsample2Height","subsample3Height","crownPolygonID","crownPolygonConfidence","shapefileID","collectedBy","recordedBy","remarks","dataQF","publicationDate","release"
"1","f14084c4-822f-48f3-87be-b5a683ee6a4f","SRER_047.basePlot.cfc","D14","SRER","SRER_047","tower","shrubScrub","WGS84",31.910358,-110.838435,20,990.6,0.02,"NEON.DOC.001024vH",2021-08-17 15:22:00,2021-08-23,"OK","41_400","Woody individual","clippers","jf4sOIyMYqw268AUri/Z9VaZEjBaK/TpFenw1hIgzeg=","A00000279758","OK","jf4sOIyMYqw268AUri/Z9VaZEjBaK/TphQDINi2MjxOwVIRSC4XUig==","B00000110745",NA,"OK",NA,NA,NA,NA,NA,NA,"Y","1588","NEON.PLA.D14.SRER.01588","LATR2","Larrea tridentata (DC.) Coville","OK","true canopy","Open grown",NA,1.2,NA,NA,NA,NA,NA,"0000-0001-6825-4902","0000-0002-0596-3792",NA,NA,"20240104T230557Z","RELEASE-2024"
"2","b8e6def7-5eb5-4bab-bade-8a5e607559c3","SRER_047.basePlot.cfc","D14","SRER","SRER_047","tower","shrubScrub","WGS84",31.910358,-110.838435,20,990.6,0.02,"NEON.DOC.001024vH",2021-08-17 16:46:00,2021-08-23,"OK","39_400","Woody individual","clippers","jf4sOIyMYqw268AUri/Z9XMKUwNVTYyJB6Ci1OTBR5A=","A00000279759","OK","jf4sOIyMYqw268AUri/Z9XMKUwNVTYyJQukOS1QKiDqLlERX6IqYGg==","B00000110755",NA,"OK",NA,NA,NA,NA,NA,NA,"Y","1567","NEON.PLA.D14.SRER.01567","LATR2","Larrea tridentata (DC.) Coville","OK","true canopy","Open grown",NA,1.3,NA,NA,NA,NA,NA,"0000-0001-6825-4902","0000-0002-0596-3792",NA,NA,"20240104T230557Z","RELEASE-2024"
"3","506eded0-1bab-403d-beb6-486c4f6014fc","SRER_045.basePlot.cfc","D14","SRER","SRER_045","tower","shrubScrub","WGS84",31.911703,-110.833349,20.1,997.8,0.1,"NEON.DOC.001024vH",2021-08-17 17:46:00,2021-08-23,"OK","23_400","Woody individual","clippers","jf4sOIyMYqxBbpNkmDSys/+giwkirbfKwrr/J7eB5Jk=","A00000279766","OK","jf4sOIyMYqxBbpNkmDSys/+giwkirbfKUCbGStwORJ39LbNOLcAToA==","B00000110754",NA,"OK",NA,NA,NA,NA,NA,NA,"Y","1973","NEON.PLA.D14.SRER.01973","PAIN2","Parthenium incanum Kunth","OK","true canopy","Open grown",NA,0.7,0.5,NA,NA,NA,NA,"0000-0001-6825-4902","0000-0002-0596-3792",NA,NA,"20240104T230557Z","RELEASE-2024"
"4","624820eb-bc60-4007-babf-46cc0ca93915","SRER_058.basePlot.cfc","D14","SRER","SRER_058","tower","shrubScrub","WGS84",31.910884,-110.832717,20.1,1000,0.1,"NEON.DOC.001024vH",2021-08-17 18:24:00,2021-08-23,"OK","41_400","Woody individual","clippers","jf4sOIyMYqwbEPKhqIXrvHGfy5FxTMS8uiq/gpGl+os=","A00000279896","OK","jf4sOIyMYqwbEPKhqIXrvHGfy5FxTMS8bA6GF64z4n4=","B00000110756",NA,"OK",NA,NA,NA,NA,NA,NA,"Y","2046","NEON.PLA.D14.SRER.02046","ALWR","Aloysia wrightii (A. Gray) A. Heller","OK","true canopy","Open grown",NA,1.1,0.8,0.6,NA,NA,NA,"0000-0001-6825-4902","0000-0002-3695-3837",NA,NA,"20240104T230557Z","RELEASE-2024"
"5","b55a31ef-e5bb-43ee-b219-c6409d6539e0","SRER_002.basePlot.cfc","D14","SRER","SRER_002","distributed","shrubScrub","WGS84",31.870334,-110.856598,20.1,1032,0.1,"NEON.DOC.001024vH",2021-08-18 16:14:00,2021-08-23,"OK","31_400","Woody individual","clippers","jf4sOIyMYqxbxXm4XPGCewWwvP5TuojKaggPobynB6Q=","A00000279747","OK","jf4sOIyMYqxbxXm4XPGCewWwvP5TuojKKPsWHOBm0Z2FCxBIYE5s4w==","B00000110715",NA,"OK",NA,NA,NA,NA,NA,NA,"Y","4034","NEON.PLA.D14.SRER.04034","SEGR4","Senegalia greggii (A. Gray) Britton & Rose","OK","true canopy","Open grown",NA,1,0.6,NA,NA,NA,NA,"0000-0002-3695-3837","0000-0002-0596-3792",NA,NA,"20240104T230557Z","RELEASE-2024"
"6","1143f8d2-490d-4b1e-8bd7-ec9d3daa211a","SRER_002.basePlot.cfc","D14","SRER","SRER_002","distributed","shrubScrub","WGS84",31.870334,-110.856598,20.1,1032,0.1,"NEON.DOC.001024vH",2021-08-18 16:58:00,2021-08-23,"OK","31_400","Woody individual","clippers","jf4sOIyMYqwVxe5c4Fd1ygQZ4hNhshRIE4GQrKE+t74=","A00000279887","OK","jf4sOIyMYqwVxe5c4Fd1ygQZ4hNhshRI4lU18oJCrH4=","B00000110753",NA,"OK",NA,NA,NA,NA,NA,NA,"Y","4024","NEON.PLA.D14.SRER.04024","ENFR","Encelia frutescens (A. Gray) A. Gray","OK","true canopy","Open grown",NA,0.3,0.2,NA,NA,NA,NA,"0000-0002-3695-3837","0000-0002-0596-3792",NA,NA,"20240104T230557Z","RELEASE-2024"
"7","2aa4cc9c-cc74-48d5-ab74-47f052d8fc66","SRER_002.basePlot.cfc","D14","SRER","SRER_002","distributed","shrubScrub","WGS84",31.870334,-110.856598,20.1,1032,0.1,"NEON.DOC.001024vH",2021-08-18 17:40:00,2021-08-23,"OK","31_400","Woody individual","pole pruner","jf4sOIyMYqxdyL0XwKLMSZ9IkxmNUHal6KSBbdulf6M=","A00000279750","OK","jf4sOIyMYqxdyL0XwKLMSZ9IkxmNUHaleiD27u5Oi9M=","B00000110720",NA,"OK",NA,NA,NA,NA,NA,NA,"Y","4018","NEON.PLA.D14.SRER.04018","PRVE","Prosopis velutina Woot.","OK","true canopy","Open grown",NA,2.8,NA,NA,"SRER.04018.2021","high","SRER-2021-polygons","0000-0002-3695-3837","0000-0002-0596-3792",NA,NA,"20240104T230557Z","RELEASE-2024"
"8","171ca504-4541-4262-84d0-3bdf8d225ca5","SRER_006.basePlot.cfc","D14","SRER","SRER_006","distributed","shrubScrub","WGS84",31.795656,-110.910239,20.1,1048.6,0.1,"NEON.DOC.001024vH",2021-08-19 16:03:00,2021-08-23,"OK",NA,"Woody individual","pole pruner","jf4sOIyMYqy/4wkyZKATbpcA8btE7eSdZmm0fQFqCEI=","A00000279751","OK","jf4sOIyMYqy/4wkyZKATbpcA8btE7eSdmULVBscnfAg=","B00000110716",NA,"OK",NA,NA,NA,NA,NA,NA,"Y","2410","NEON.PLA.D14.SRER.02410","PRVE","Prosopis velutina Woot.","Other damage","true canopy","Full sun",NA,4.1,NA,NA,"SRER.02410.2021","high","SRER-2021-polygons","0000-0001-6825-4902","0000-0002-0596-3792","Substantial amount of Mistletoe in one section",NA,"20240104T230557Z","RELEASE-2024"
"9","74234dcf-8680-4be8-bf31-35ac880db088","SRER_006.basePlot.cfc","D14","SRER","SRER_006","distributed","shrubScrub","WGS84",31.795656,-110.910239,20.1,1048.6,0.1,"NEON.DOC.001024vH",2021-08-19 16:44:00,2021-08-23,"OK",NA,"Woody individual","clippers","jf4sOIyMYqxqeekqhgoxM61l4eLbkTd+g9s4RQFZ5qM=","A00000279748","OK","jf4sOIyMYqxqeekqhgoxM61l4eLbkTd+3dtT51dJV+BCvo4R4q3vrw==","B00000110714",NA,"OK",NA,NA,NA,NA,NA,NA,"Y","2425","NEON.PLA.D14.SRER.02425","SEGR4","Senegalia greggii (A. Gray) Britton & Rose","Physically damaged","true canopy","Full sun",NA,1.6,1.2,NA,NA,NA,NA,"0000-0001-6825-4902","0000-0002-0596-3792",NA,NA,"20240104T230557Z","RELEASE-2024"
"10","c927a5cf-c0be-4095-b252-995807b707f7","SRER_006.basePlot.cfc","D14","SRER","SRER_006","distributed","shrubScrub","WGS84",31.795656,-110.910239,20.1,1048.6,0.1,"NEON.DOC.001024vH",2021-08-19 17:34:00,2021-08-23,"OK",NA,"Woody individual","clippers","jf4sOIyMYqx6WrAE2n7QNdbMY3sEN7tn1uyga746RfI=","A00000279892","OK","jf4sOIyMYqx6WrAE2n7QNdbMY3sEN7tnOx/er25KH4O4utR0M9+cKg==","B00000110758",NA,"OK",NA,NA,NA,NA,NA,NA,"Y","2427","NEON.PLA.D14.SRER.02427","ATCA2","Atriplex canescens (Pursh) Nutt.","OK","true canopy","Open grown",NA,1.1,NA,NA,"SRER.02427.2021","high","SRER-2021-polygons","0000-0001-6825-4902","0000-0002-0596-3792",NA,NA,"20240104T230557Z","RELEASE-2024"
"11","bf486fd5-d307-48b3-bbf3-c2315904110d","SRER_003.basePlot.cfc","D14","SRER","SRER_003","distributed","shrubScrub","WGS84",31.840609,-110.917189,20.1,974.5,0.1,"NEON.DOC.001024vH",2021-08-23 15:14:00,2021-08-23,"OK",NA,"Woody individual","clippers","jf4sOIyMYqxtK6NJ70WgOKezBCAQSNDzPBkrPRbNJ98=","A00000279895","OK","jf4sOIyMYqxtK6NJ70WgOKezBCAQSNDzwisp70T/oEI=","B00000110763",NA,"OK",NA,NA,NA,NA,NA,NA,"Y","2842","NEON.PLA.D14.SRER.02842","EPTR","Ephedra trifurca Torr. ex S. Watson","OK","true canopy","Open grown",NA,0.6,0.6,0.5,NA,NA,NA,"0000-0001-8362-7797","0000-0003-3879-1971",NA,NA,"20240104T230557Z","RELEASE-2024"
"12","02739442-7380-4c6e-88b1-465add42d587","SRER_004.basePlot.cfc","D14","SRER","SRER_004","distributed","shrubScrub","WGS84",31.906778,-110.815262,20,1044.5,0.02,"NEON.DOC.001024vH",2021-08-23 15:35:00,2021-08-24,"OK","31_400","Woody individual","clippers","jf4sOIyMYqyjZ9X7sKVR9WbW9tfoIlNgluZuqN3i2yk=","A00000279770","OK","jf4sOIyMYqyjZ9X7sKVR9WbW9tfoIlNgmjLbSVi1fXlvmYv3QE3ruA==","B00000110697",NA,"OK",NA,NA,NA,NA,NA,NA,"Y","4129","NEON.PLA.D14.SRER.04129","VACO9","Vachellia constricta (Benth.) Seigler & Ebinger","Physically damaged",NA,"Full sun",NA,1.4,1.1,NA,NA,NA,NA,"0000-0002-5964-2409","0000-0001-5980-6082",NA,NA,"20240104T230557Z","RELEASE-2024"
"13","d4c86d19-a07b-45f4-b4fc-712eacd1325f","SRER_003.basePlot.cfc","D14","SRER","SRER_003","distributed","shrubScrub","WGS84",31.840609,-110.917189,20.1,974.5,0.1,"NEON.DOC.001024vH",2021-08-23 15:46:00,2021-08-23,"OK",NA,"Woody individual","pole pruner","jf4sOIyMYqwChBBhHdmN/wScOWPDeljSx5v5Km1oBmE=","A00000279752","OK","jf4sOIyMYqwChBBhHdmN/wScOWPDeljSI37JImboX4Q=","B00000110719",NA,"OK",NA,NA,NA,NA,NA,NA,"Y","2850","NEON.PLA.D14.SRER.02850","PRVE","Prosopis velutina Woot.","Physically damaged","true canopy","Open grown",NA,2.5,2.2,NA,"SRER.02850.2021","medium","SRER-2021-polygons","0000-0001-8362-7797","0000-0003-3879-1971",NA,NA,"20240104T230557Z","RELEASE-2024"
"14","1938e27f-2042-490f-900f-21eca36e5098","SRER_004.basePlot.cfc","D14","SRER","SRER_004","distributed","shrubScrub","WGS84",31.906778,-110.815262,20,1044.5,0.02,"NEON.DOC.001024vH",2021-08-23 16:06:00,2021-08-24,"OK","31_400","Woody individual","clippers","jf4sOIyMYqwTQkxTxQGMl28vT/y90y3vGPWp7M9YaVU=","A00000279886","OK","jf4sOIyMYqwTQkxTxQGMl28vT/y90y3vKwRD4TGt2X0uHxBqesnNFg==","B00000110702",NA,"OK",NA,NA,NA,NA,NA,NA,"N","4295","NEON.PLA.D14.SRER.04295","FOSP2","Fouquieria splendens Engelm.","OK",NA,"Open grown",NA,1.9,1.5,1.2,NA,NA,NA,"0000-0002-5964-2409","0000-0001-5980-6082",NA,NA,"20240104T230557Z","RELEASE-2024"
"15","85e0a070-b84f-4c7a-b41e-14e2abdb6568","SRER_004.basePlot.cfc","D14","SRER","SRER_004","distributed","shrubScrub","WGS84",31.906778,-110.815262,20,1044.5,0.02,"NEON.DOC.001024vH",2021-08-23 16:35:00,2021-08-24,"OK","31_400","Woody individual","clippers","jf4sOIyMYqyjZ9X7sKVR9U623BPgOeXOl4iPotUNw4w=","A00000279771","OK","jf4sOIyMYqyjZ9X7sKVR9U623BPgOeXO69GvPm56n0Aj2T8PP0GH9Q==","B00000110695",NA,"OK",NA,NA,NA,NA,NA,NA,"Y","4155","NEON.PLA.D14.SRER.04155","VACO9","Vachellia constricta (Benth.) Seigler & Ebinger","OK",NA,"Full sun",NA,1,0.8,NA,NA,NA,NA,"0000-0002-5964-2409","0000-0001-5980-6082",NA,NA,"20240104T230557Z","RELEASE-2024"
"16","ed24f295-cb19-4cbc-ae0f-30af23fa1403","SRER_004.basePlot.cfc","D14","SRER","SRER_004","distributed","shrubScrub","WGS84",31.906778,-110.815262,20,1044.5,0.02,"NEON.DOC.001024vH",2021-08-23 16:52:00,2021-08-24,"OK","31_400","Woody individual","clippers","jf4sOIyMYqyHHfxnzFnK7vbsreNOK3iDPT05w3J3eNM=","A00000279711","OK","jf4sOIyMYqyHHfxnzFnK7vbsreNOK3iDPiPJrHs21eY=","B00000110759",NA,"OK",NA,NA,NA,NA,NA,NA,"Y","2680","NEON.PLA.D14.SRER.02680","OPPH","Opuntia phaeacantha Engelm.","OK",NA,"Full sun",NA,0.4,NA,NA,NA,NA,NA,"0000-0002-5964-2409","0000-0001-5980-6082",NA,NA,"20240104T230557Z","RELEASE-2024"
"17","c400485f-ef33-4837-962f-163c054d13db","SRER_004.basePlot.cfc","D14","SRER","SRER_004","distributed","shrubScrub","WGS84",31.906778,-110.815262,20,1044.5,0.02,"NEON.DOC.001024vH",2021-08-23 17:07:00,2021-08-24,"OK",NA,"Woody individual","clippers","jf4sOIyMYqx6wVGq6P1DjblFVlArBUH/SZYkuqpjvdk=","A00000279773","OK","jf4sOIyMYqx6wVGq6P1DjblFVlArBUH/VSYkY1NKbbtPEjZ9OAhkOw==","B00000110706",NA,"OK",NA,NA,NA,NA,NA,NA,"Y","4143","NEON.PLA.D14.SRER.04143","PAIN2","Parthenium incanum Kunth","OK",NA,"Full sun",NA,0.6,NA,NA,NA,NA,NA,"0000-0002-5964-2409","0000-0001-5980-6082",NA,NA,"20240104T230557Z","RELEASE-2024"
"18","c6ed201e-0d37-4499-9b6a-45a61b3ec6cc","SRER_003.basePlot.cfc","D14","SRER","SRER_003","distributed","shrubScrub","WGS84",31.840609,-110.917189,20.1,974.5,0.1,"NEON.DOC.001024vH",2021-08-23 17:37:00,2021-08-23,"OK",NA,"Woody individual","other","jf4sOIyMYqxH5lh5NevTPhIf4NCcV/LCq3qPCer7AAM=","A00000279893","OK","jf4sOIyMYqxH5lh5NevTPhIf4NCcV/LCPUjiu50DOiUenLGAAPeSYw==","B00000110752",NA,"OK",NA,NA,NA,NA,NA,NA,"Y","2570","NEON.PLA.D14.SRER.02570","OPEN3","Opuntia engelmannii Salm-Dyck ex Engelm.","Physically damaged","true canopy","Full sun",NA,0.7,NA,NA,NA,NA,NA,"0000-0001-8362-7797","0000-0003-3879-1971",NA,NA,"20240104T230557Z","RELEASE-2024"
"19","ece2d35c-3f4b-4e19-b6ac-0a31a8a9309c","SRER_004.basePlot.cfc","D14","SRER","SRER_004","distributed","shrubScrub","WGS84",31.906778,-110.815262,20,1044.5,0.02,"NEON.DOC.001024vH",2021-08-23 17:39:00,2021-08-24,"OK",NA,"Woody individual","clippers","jf4sOIyMYqx6wVGq6P1DjdLjlCab33GcXJ22P381QjQ=","A00000279774","OK","jf4sOIyMYqx6wVGq6P1DjdLjlCab33GcmbhPBgbwNzn1A6UsoP142w==","B00000110703",NA,"OK",NA,NA,NA,NA,NA,NA,"Y","4150","NEON.PLA.D14.SRER.04150","PAIN2","Parthenium incanum Kunth","OK","true canopy","Open grown",NA,0.8,NA,NA,NA,NA,NA,"0000-0002-5964-2409","0000-0001-5980-6082",NA,NA,"20240104T230557Z","RELEASE-2024"
"20","a9d5fc70-f1d7-4840-bb14-e0b49faa0463","SRER_007.basePlot.cfc","D14","SRER","SRER_007","distributed","shrubScrub","WGS84",31.897668,-110.874932,20.1,938.1,0.1,"NEON.DOC.001024vH",2021-08-24 14:38:00,2021-08-23,"OK",NA,"Woody individual","clippers","jf4sOIyMYqxF0fkovBPluXfO4/oLy0qDYPFS9Fbcaxk=","A00000279760","OK","jf4sOIyMYqxF0fkovBPluXfO4/oLy0qD8DDVg+jplkZtOeMDQN+DHw==","B00000110708",NA,"OK",NA,NA,NA,NA,NA,NA,"Y","2371","NEON.PLA.D14.SRER.02371","CEEH","Celtis ehrenbergiana (Klotzsch) Liebm.","Insect damaged","true canopy","Open grown",NA,1.6,1.3,NA,NA,NA,NA,"0000-0002-6694-2717","0000-0001-8362-7797",NA,NA,"20240104T230557Z","RELEASE-2024"
"21","b7328f5c-e0c5-48b5-b203-268c51595fe2","SRER_005.basePlot.cfc","D14","SRER","SRER_005","distributed","shrubScrub","WGS84",31.828844,-110.823985,20.1,1261.1,0.1,"NEON.DOC.001024vH",2021-08-24 15:01:00,2021-08-23,"OK","31_400","Woody individual","pole pruner","jf4sOIyMYqzkkNrC4eFqCe5yOWLP1q7V3mN5toV09u4=","A00000279762","OK","jf4sOIyMYqzkkNrC4eFqCe5yOWLP1q7VfqL/w1t+RNOSYF40zAUSQg==","B00000110701",NA,"OK",NA,NA,NA,NA,NA,NA,"Y","4620","NEON.PLA.D14.SRER.04620","CEEH","Celtis ehrenbergiana (Klotzsch) Liebm.","OK","true canopy","Full sun",NA,2.1,NA,NA,"SRER.04620.2021","high","SRER-2021-polygons","0000-0001-5980-6082","0000-0003-4194-7703",NA,NA,"20240104T230557Z","RELEASE-2024"
"22","6ed00b08-c80a-4fc3-96b9-c955dcf47a82","SRER_007.basePlot.cfc","D14","SRER","SRER_007","distributed","shrubScrub","WGS84",31.897668,-110.874932,20.1,938.1,0.1,"NEON.DOC.001024vH",2021-08-24 15:12:00,2021-08-23,"OK",NA,"Woody individual","clippers","jf4sOIyMYqxber0DlvIjBA/gipF9Yje+rnBoRGbApWw=","A00000279890","OK","jf4sOIyMYqxber0DlvIjBA/gipF9Yje+9anBQtn4CFE=","B00000110761",NA,"OK",NA,NA,NA,NA,NA,NA,"Y","2362","NEON.PLA.D14.SRER.02362","EPTR","Ephedra trifurca Torr. ex S. Watson","OK","true canopy","Full sun",NA,0.6,0.8,NA,NA,NA,NA,"0000-0002-6694-2717","0000-0001-8362-7797",NA,NA,"20240104T230557Z","RELEASE-2024"
"23","978448ad-04e9-45db-9dfc-e57f6ab0837c","SRER_005.basePlot.cfc","D14","SRER","SRER_005","distributed","shrubScrub","WGS84",31.828844,-110.823985,20.1,1261.1,0.1,"NEON.DOC.001024vH",2021-08-24 15:44:00,2021-08-23,"OK","31_400","Woody individual","pole pruner","jf4sOIyMYqxdFov1Sz95q3Etl0g68APlJC6hFlash/8=","A00000279753","OK","jf4sOIyMYqxdFov1Sz95q3Etl0g68APl3up0/ZjQFjE=","B00000110718",NA,"OK",NA,NA,NA,NA,NA,NA,"Y","4624","NEON.PLA.D14.SRER.04624","PRVE","Prosopis velutina Woot.","Other damage","true canopy","Open grown",NA,2.4,NA,NA,"SRER.04624.2021","medium","SRER-2021-polygons","0000-0001-5980-6082","0000-0003-4194-7703",NA,NA,"20240104T230557Z","RELEASE-2024"
"24","16f8da29-4a23-4783-8249-827fd345cf94","SRER_005.basePlot.cfc","D14","SRER","SRER_005","distributed","shrubScrub","WGS84",31.828844,-110.823985,20.1,1261.1,0.1,"NEON.DOC.001024vH",2021-08-24 16:21:00,2021-08-23,"OK",NA,"Woody individual","clippers","jf4sOIyMYqxMWHGAj1ejBy2XZjXwob9UYmnDS8pMq6w=","A00000279764","OK","jf4sOIyMYqxMWHGAj1ejBy2XZjXwob9UN0PfeSFuLhgnZ71kvMXrPw==","B00000110749",NA,"OK",NA,NA,NA,NA,NA,NA,"Y","4630","NEON.PLA.D14.SRER.04630","SEGR4","Senegalia greggii (A. Gray) Britton & Rose","Insect damaged","true canopy","Full sun",NA,1.6,NA,NA,NA,NA,NA,"0000-0001-5980-6082","0000-0003-4194-7703",NA,NA,"20240104T230557Z","RELEASE-2024"
"25","dadcb84f-63fe-4d0f-831f-09beae0fffa8","SRER_002.basePlot.cfc","D14","SRER","SRER_002","distributed","shrubScrub","WGS84",31.870334,-110.856598,20.1,1032,0.1,"NEON.DOC.001024vH",2021-08-24 16:24:00,2021-08-23,"OK",NA,"Woody individual","other","jf4sOIyMYqzx568Z6NmRmUomSSmcnM38zV1eNEbYQ/M=","A00000279891","OK","jf4sOIyMYqzx568Z6NmRmUomSSmcnM38vs+SZc96aVl+ZHAhlImM3Q==","B00000110711",NA,"OK",NA,NA,NA,NA,NA,NA,"Y","2504","NEON.PLA.D14.SRER.02504","OPEN3","Opuntia engelmannii Salm-Dyck ex Engelm.","OK","true canopy","Open grown",NA,0.6,NA,NA,NA,NA,NA,"0000-0002-6694-2717","0000-0003-3879-1971",NA,NA,"20240104T230557Z","RELEASE-2024"
"26","023647f8-648b-48e9-b631-9702d5ed0886","SRER_005.basePlot.cfc","D14","SRER","SRER_005","distributed","shrubScrub","WGS84",31.828844,-110.823985,20.1,1261.1,0.1,"NEON.DOC.001024vH",2021-08-24 16:51:00,2021-08-23,"OK",NA,"Woody individual","clippers","jf4sOIyMYqyDm3Mx/6NQiL2nbmkoUBXZ5LkTl35bQ6Q=","A00000279763","OK","jf4sOIyMYqyDm3Mx/6NQiL2nbmkoUBXZY5OB/Y37H9hLAsnOOnJFfQ==","B00000110744",NA,"OK",NA,NA,NA,NA,NA,NA,"Y","2439","NEON.PLA.D14.SRER.02439","OPEN3","Opuntia engelmannii Salm-Dyck ex Engelm.","Disease damaged","true canopy","Open grown",NA,0.6,NA,NA,NA,NA,NA,"0000-0001-5980-6082","0000-0003-4194-7703",NA,NA,"20240104T230557Z","RELEASE-2024"
"27","e9169fa2-0aa8-4b15-9f11-01389947f681","SRER_005.basePlot.cfc","D14","SRER","SRER_005","distributed","shrubScrub","WGS84",31.828844,-110.823985,20.1,1261.1,0.1,"NEON.DOC.001024vH",2021-08-24 17:13:00,2021-08-23,"OK",NA,"Woody individual","pole pruner","jf4sOIyMYqygv6vu/5h+8P27JkjeHaVtxifJm3m208k=","A00000279885","OK","jf4sOIyMYqygv6vu/5h+8P27JkjeHaVt2wpkf0HvglJlFww5CZS22Q==","B00000110705",NA,"OK",NA,NA,NA,NA,NA,NA,"N","4294","NEON.PLA.D14.SRER.04294","FOSP2","Fouquieria splendens Engelm.","OK","true canopy","Open grown",NA,3.4,NA,NA,NA,NA,NA,"0000-0001-5980-6082","0000-0003-4194-7703",NA,NA,"20240104T230557Z","RELEASE-2024"
"28","701fd58a-3fe7-4d66-b315-70bcfe4efef2","SRER_001.basePlot.cfc","D14","SRER","SRER_001","distributed","shrubScrub","WGS84",31.862142,-110.818853,20.1,1172.1,0.1,"NEON.DOC.001024vH",2021-08-24 17:36:00,2021-08-24,"OK",NA,"Woody individual","clippers","jf4sOIyMYqzqOH83ww6JBfXFbXRkAbZaWwfx9LmlmwI=","A00000279754","OK","jf4sOIyMYqzqOH83ww6JBfXFbXRkAbZaXhu/eAdo5Qc=","B00000110717",NA,"OK",NA,NA,NA,NA,NA,NA,"Y","2867","NEON.PLA.D14.SRER.02867","PRVE","Prosopis velutina Woot.","OK","true canopy","Open grown",NA,0.7,NA,NA,NA,NA,NA,"0000-0002-6694-2717","0000-0003-3879-1971",NA,NA,"20240104T230557Z","RELEASE-2024"
"29","76c5e8b7-f87d-429b-9a53-17844aeda3ac","SRER_001.basePlot.cfc","D14","SRER","SRER_001","distributed","shrubScrub","WGS84",31.862142,-110.818853,20.1,1172.1,0.1,"NEON.DOC.001024vH",2021-08-24 17:45:00,2021-08-24,"OK",NA,"Woody individual","other","jf4sOIyMYqyumbH8dK84wnPxXccKIg5smaJZ/4Q66mE=","A00000279889","OK","jf4sOIyMYqyumbH8dK84wnPxXccKIg5sAdLP2Jh7Mjyo8Ss5iKcLdg==","B00000110762",NA,"OK",NA,NA,NA,NA,NA,NA,"Y","2244","NEON.PLA.D14.SRER.02244","OPEN3","Opuntia engelmannii Salm-Dyck ex Engelm.","Disease damaged","true canopy","Full sun",NA,0.5,NA,NA,NA,NA,NA,"0000-0002-6694-2717","0000-0003-3879-1971",NA,NA,"20240104T230557Z","RELEASE-2024"
"30","5690e570-9e47-4d4f-a0db-4ff9912ac9a6","SRER_055.basePlot.cfc","D14","SRER","SRER_055","tower","shrubScrub","WGS84",31.908716,-110.835571,20,997.6,0.02,"NEON.DOC.001024vH",2021-08-24 19:18:00,2021-08-23,"OK",NA,"Woody individual","clippers","jf4sOIyMYqw9IPy6nY1Y0n8wjRmwo2iTpnNSpUABWWs=","A00000279756","OK","jf4sOIyMYqw9IPy6nY1Y0n8wjRmwo2iTq5ha5RmQfQt9lBYiQb09iA==","B00000110724",NA,"OK",NA,NA,NA,NA,NA,NA,"Y","1790","NEON.PLA.D14.SRER.01790","VACO9","Vachellia constricta (Benth.) Seigler & Ebinger","OK","true canopy","Full sun",NA,0.9,NA,NA,NA,NA,NA,"0000-0002-6694-2717","0000-0003-3879-1971",NA,NA,"20240104T230557Z","RELEASE-2024"
"31","9300ceb8-bd7c-462c-84f5-170d247a29dc","SRER_016.basePlot.cfc","D14","SRER","SRER_016","distributed","shrubScrub","WGS84",31.905498,-110.847005,20,977.7,0.02,"NEON.DOC.001024vH",2021-08-25 14:54:00,2021-08-23,"OK",NA,"Woody individual","clippers","jf4sOIyMYqyDM2GZFX3UsLfVNMm/oIRDGg2ruM0QMgs=","A00000279757","OK","jf4sOIyMYqyDM2GZFX3UsLfVNMm/oIRDu2NhFqhMDYLatVou0pmemg==","B00000110712",NA,"OK",NA,NA,NA,NA,NA,NA,"Y","4185","NEON.PLA.D14.SRER.04185","LATR2","Larrea tridentata (DC.) Coville","OK","true canopy","Full sun",NA,1.6,1.4,1.4,NA,NA,NA,"0000-0003-3879-1971","0000-0002-8929-7933",NA,NA,"20240104T230557Z","RELEASE-2024"
"32","750bf087-c808-467c-b997-31e0dc2d64f5","SRER_053.basePlot.cfc","D14","SRER","SRER_053","tower","shrubScrub","WGS84",31.909824,-110.835912,20.1,996.7,0.1,"NEON.DOC.001024vH",2021-08-25 18:10:00,2021-08-23,"OK",NA,"Woody individual","other","jf4sOIyMYqw13iRK6RdHdn0eK5A01tgekGAtHFV5kL4=","A00000279710","OK","jf4sOIyMYqw13iRK6RdHdn0eK5A01tge1ChiEFogEc84J+pOTPJUtw==","B00000110750",NA,"OK",NA,NA,NA,NA,NA,NA,"Y","803","NEON.PLA.D14.SRER.00803","OPEN3","Opuntia engelmannii Salm-Dyck ex Engelm.","Disease damaged","true canopy","Open grown",NA,0.7,NA,NA,NA,NA,NA,"0000-0003-3879-1971","0000-0002-8929-7933",NA,NA,"20240104T230557Z","RELEASE-2024"
"33","9f9bd9c6-3133-4d56-90ee-451d341a9188","SRER_053.basePlot.cfc","D14","SRER","SRER_053","tower","shrubScrub","WGS84",31.909824,-110.835912,20.1,996.7,0.1,"NEON.DOC.001024vH",2021-08-25 18:17:00,2021-08-23,"OK",NA,"Woody individual","other","jf4sOIyMYqzspauGGHaFa3AJOQQrZPBeyL1riKUXlCQ=","A00000279898","OK","jf4sOIyMYqzspauGGHaFa3AJOQQrZPBesQEGThSxVVA=","B00000110748",NA,"OK",NA,NA,NA,NA,NA,NA,"Y","671","NEON.PLA.D14.SRER.00671","OPPH","Opuntia phaeacantha Engelm.","Physically damaged","sunlit gap","Partially shaded",NA,0.3,NA,NA,NA,NA,NA,"0000-0003-3879-1971","0000-0002-8929-7933",NA,NA,"20240104T230557Z","RELEASE-2024"
"34","c01b762d-a2dd-49ef-9b06-16a3784b1f35","SRER_053.basePlot.cfc","D14","SRER","SRER_053","tower","shrubScrub","WGS84",31.909824,-110.835912,20.1,996.7,0.1,"NEON.DOC.001024vH",2021-08-25 19:24:00,2021-08-23,"OK",NA,"Woody individual","other","jf4sOIyMYqzspauGGHaFazAzT6NzH8PVhfrqJJrLPAg=","A00000279899","OK","jf4sOIyMYqzspauGGHaFazAzT6NzH8PVnLpQpWsgiMI=","B00000110751",NA,"OK",NA,NA,NA,NA,NA,NA,"Y","676","NEON.PLA.D14.SRER.00676","OPPH","Opuntia phaeacantha Engelm.","Disease damaged","sunlit gap","Mostly shaded",NA,0.2,NA,NA,NA,NA,NA,"0000-0003-3879-1971","0000-0002-8929-7933",NA,NA,"20240104T230557Z","RELEASE-2024"
"35","bb20fd17-d8fc-46f0-86f6-c91dcf37bf2e","SRER_010.basePlot.cfc","D14","SRER","SRER_010","distributed","shrubScrub","WGS84",31.800537,-110.909297,20.1,1042.7,0.1,"NEON.DOC.001024vH",2021-08-26 14:49:00,2021-08-23,"OK",NA,"Woody individual","pole pruner","jf4sOIyMYqx6GQXbEJe+igjWFxBIR5buCNin/juErPs=","A00000279709","OK","jf4sOIyMYqx6GQXbEJe+igjWFxBIR5bu9fqKruJo2l0=","B00000110777",NA,"OK",NA,NA,NA,NA,NA,NA,"Y","4197","NEON.PLA.D14.SRER.04197","PRVE","Prosopis velutina Woot.","OK","true canopy","Open grown",NA,2.6,2.6,NA,"SRER.04197.2021","high","SRER-2021-polygons","0000-0003-3879-1971","0000-0001-5980-6082",NA,NA,"20240104T230557Z","RELEASE-2024"
"36","0cded488-18d5-4b17-a9b0-4493e28cd61c","SRER_006.basePlot.cfc","D14","SRER","SRER_006","distributed","shrubScrub","WGS84",31.795656,-110.910239,20.1,1048.6,0.1,"NEON.DOC.001024vH",2021-08-26 16:10:00,2021-08-23,"OK",NA,"Woody individual","pole pruner","jf4sOIyMYqwavsW0R66haBpoAsl0GiBOx+ywlb1dUp4=","A00000279761","OK","jf4sOIyMYqwavsW0R66haBpoAsl0GiBOlDY8Ob1NFO6rvUSc+Kb/Pg==","B00000110709",NA,"OK",NA,NA,NA,NA,NA,NA,"N","4293","NEON.PLA.D14.SRER.04293","CEEH","Celtis ehrenbergiana (Klotzsch) Liebm.","OK","true canopy","Open grown",NA,2.3,NA,NA,"SRER.04293.2021","high","SRER-2021-polygons","0000-0003-3879-1971","0000-0001-5980-6082",NA,NA,"20240104T230557Z","RELEASE-2024"
"37","891fab38-891d-4e1f-a709-7dc533c42e70","SRER_011.basePlot.cfc","D14","SRER","SRER_011","distributed","shrubScrub","WGS84",31.845427,-110.870885,20.1,1051.2,0.1,"NEON.DOC.001024vH",2021-08-26 18:25:00,2021-08-23,"OK",NA,"Woody individual","pole pruner","jf4sOIyMYqxIfWX4kZJhrccks9/zfzpldMoOS7VCdaA=","A00000279745","OK","jf4sOIyMYqxIfWX4kZJhrccks9/zfzpli1BE4grjqoo=","B00000110776",NA,"OK",NA,NA,NA,NA,NA,NA,"Y","2803","NEON.PLA.D14.SRER.02803","PRVE","Prosopis velutina Woot.","OK","true canopy","Full sun",NA,3.4,NA,NA,"SRER.02803.2021","medium","SRER-2021-polygons","0000-0003-3879-1971","0000-0001-5980-6082",NA,NA,"20240104T230557Z","RELEASE-2024"
"38","491ad451-efd2-4ee7-822e-66ba114d3eca","SRER_018.basePlot.cfc","D14","SRER","SRER_018","distributed","shrubScrub","WGS84",31.897965,-110.908251,20.1,898.2,0.1,"NEON.DOC.001024vH",2021-08-30 16:14:00,2021-08-23,"OK",NA,"Woody individual","clippers","jf4sOIyMYqzLy5KDZkk1h13bSE67/77ATp5TFM6tbVM=","A00000279755","OK","jf4sOIyMYqzLy5KDZkk1h13bSE67/77A3E5KAxqdIjiBJjr6qQ1Cew==","B00000110723",NA,"OK",NA,NA,NA,NA,NA,NA,"Y","2880","NEON.PLA.D14.SRER.02880","LATR2","Larrea tridentata (DC.) Coville","OK","true canopy","Open grown",NA,0.7,NA,NA,"SRER.02880.2021","high","SRER-2021-polygons","0000-0003-3879-1971","0000-0001-8362-7797","No LMA sample created",NA,"20240104T230557Z","RELEASE-2024"
"39","64644dc2-71e4-406e-9aef-1c4ec44bc0db","SRER_018.basePlot.cfc","D14","SRER","SRER_018","distributed","shrubScrub","WGS84",31.897965,-110.908251,20.1,898.2,0.1,"NEON.DOC.001024vH",2021-08-30 17:29:00,2021-08-23,"OK",NA,"Woody individual","clippers","jf4sOIyMYqzLy5KDZkk1h+5YsfkhrTE1hz5j3EDhguE=","A00000279749","OK","jf4sOIyMYqzLy5KDZkk1h+5YsfkhrTE19ciiCBolYDJ4DwVVM3skrA==","B00000110775",NA,"OK",NA,NA,NA,NA,NA,NA,"Y","4003","NEON.PLA.D14.SRER.04003","LATR2","Larrea tridentata (DC.) Coville","OK","true canopy","Full sun",NA,1.2,0.8,0.9,"SRER.04003.2021","high","SRER-2021-polygons","0000-0003-3879-1971","0000-0001-8362-7797",NA,NA,"20240104T230557Z","RELEASE-2024"
"40","6f0670a4-3dd0-453c-a411-4600205c9562","SRER_018.basePlot.cfc","D14","SRER","SRER_018","distributed","shrubScrub","WGS84",31.897965,-110.908251,20.1,898.2,0.1,"NEON.DOC.001024vH",2021-08-30 17:30:00,2021-08-23,"OK",NA,"Woody individual","pole pruner","jf4sOIyMYqxKk7Ecfou2s9KASA1NBRoDlvkFoDLh2R4=","A00000279765","OK","jf4sOIyMYqxKk7Ecfou2s9KASA1NBRoDvn8m5a2pQjg=","B00000110760",NA,"OK",NA,NA,NA,NA,NA,NA,"Y","4002","NEON.PLA.D14.SRER.04002","PRVE","Prosopis velutina Woot.","OK","true canopy","Full sun",NA,1.6,1.3,NA,"SRER.04002.2021","medium","SRER-2021-polygons","0000-0003-3879-1971","0000-0001-8362-7797",NA,NA,"20240104T230557Z","RELEASE-2024"
"41","9d44fa12-9e75-4a18-8813-9ba2d4336605","SRER_007.basePlot.cfc","D14","SRER","SRER_007","distributed","shrubScrub","WGS84",31.897668,-110.874932,20.1,938.1,0.1,"NEON.DOC.001024vH",2021-08-30 19:42:00,2021-08-23,"OK",NA,"Woody individual","clippers","jf4sOIyMYqze1B/4vyCDpBp229xtTweT1cVQTwbwNKQ=","A00000279767","OK","jf4sOIyMYqze1B/4vyCDpBp229xtTweTV7S6CXbbh80ALyXhjrrsRQ==","B00000110700",NA,"OK",NA,NA,NA,NA,NA,NA,"Y","2365","NEON.PLA.D14.SRER.02365","PAFL6","Parkinsonia florida (Benth. ex A. Gray) S. Watson","Insect damaged","true canopy","Open grown",NA,1.6,1.6,1.6,"SRER.02365.2021","low","SRER-2021-polygons","0000-0003-3879-1971","0000-0001-8362-7797",NA,NA,"20240104T230557Z","RELEASE-2024"
"42","10cf4348-0a80-4086-8f86-6fdbd6b17030","SRER_013.basePlot.cfc","D14","SRER","SRER_013","distributed","shrubScrub","WGS84",31.809753,-110.893755,20.1,1066.7,0.1,"NEON.DOC.001024vH",2021-08-31 16:05:00,2021-08-23,"OK",NA,"Woody individual","clippers","jf4sOIyMYqwXhmYozHgEMucTonv84WUpAAf77AhGX6c=","A00000279900","OK","jf4sOIyMYqwXhmYozHgEMucTonv84WUpn5fp8/rZ4T1sKZ4DKsvVmw==","B00000110713",NA,"OK",NA,NA,NA,NA,NA,NA,"Y","4111","NEON.PLA.D14.SRER.04111","ISTE2","Isocoma tenuisecta Greene","OK","true canopy","Full sun",NA,0.5,NA,NA,NA,NA,NA,"0000-0002-3695-3837","0000-0002-8929-7933",NA,NA,"20240104T230557Z","RELEASE-2024"
"43","ca8a9c6f-3ded-4eb3-9e73-603463ffaec2","SRER_011.basePlot.cfc","D14","SRER","SRER_011","distributed","shrubScrub","WGS84",31.845427,-110.870885,20.1,1051.2,0.1,"NEON.DOC.001024vH",2021-08-31 17:47:00,2021-08-23,"OK",NA,"Woody individual","pole pruner","jf4sOIyMYqyO6mUT6wQZxLdY+0UGnN6o3TPsj7F6Ln8=","A00000279769","OK","jf4sOIyMYqyO6mUT6wQZxLdY+0UGnN6oMSdjkMt0ACBBi//LJAvO+w==","B00000110698",NA,"OK",NA,NA,NA,NA,NA,NA,"Y","2812","NEON.PLA.D14.SRER.02812","PAFL6","Parkinsonia florida (Benth. ex A. Gray) S. Watson","OK","true canopy","Partially shaded",NA,3.1,2.3,1.2,"SRER.02812.2021","high","SRER-2021-polygons","0000-0002-3695-3837","0000-0002-8929-7933",NA,NA,"20240104T230557Z","RELEASE-2024"
"44","0442d469-f596-4ddd-b481-11bc8d4c886a","SRER_011.basePlot.cfc","D14","SRER","SRER_011","distributed","shrubScrub","WGS84",31.845427,-110.870885,20.1,1051.2,0.1,"NEON.DOC.001024vH",2021-08-31 18:51:00,2021-08-23,"OK",NA,"Woody individual","clippers","jf4sOIyMYqx481riAd44E4VtZfYzlLHf+AHuqJboxk8=","A00000279884","OK","jf4sOIyMYqx481riAd44E4VtZfYzlLHfS0R1j9A0dDY=","B00000110704",NA,"OK",NA,NA,NA,NA,NA,NA,"Y","2815","NEON.PLA.D14.SRER.02815","EPTR","Ephedra trifurca Torr. ex S. Watson","OK","true canopy","Full sun",NA,0.8,NA,NA,NA,NA,NA,"0000-0002-3695-3837","0000-0002-8929-7933",NA,NA,"20240104T230557Z","RELEASE-2024"
"45","302675f6-59be-409f-803d-f2817f9a65ee","SRER_019.basePlot.cfc","D14","SRER","SRER_019","distributed","shrubScrub","WGS84",31.860538,-110.843902,20.1,1085.6,0.1,"NEON.DOC.001024vH",2021-09-01 15:25:00,2021-08-23,"OK",NA,"Woody individual","pole pruner","jf4sOIyMYqxujHk9sjZNdcX8P69531tLMwrb0E+8ujM=","A00000279768","OK","jf4sOIyMYqxujHk9sjZNdcX8P69531tLbMFrdo4AX5anzZd55COVTg==","B00000110699",NA,"OK",NA,NA,NA,NA,NA,NA,"Y","2338","NEON.PLA.D14.SRER.02338","PAFL6","Parkinsonia florida (Benth. ex A. Gray) S. Watson","Physically damaged","true canopy","Full sun",NA,3.5,1.5,NA,"SRER.02338.2021","high","SRER-2021-polygons","0000-0002-3695-3837","0000-0001-5980-6082",NA,NA,"20240104T231234Z","RELEASE-2024"
"46","ceabae27-bb13-4abb-b9a1-39fc8e825d74","SRER_019.basePlot.cfc","D14","SRER","SRER_019","distributed","shrubScrub","WGS84",31.860538,-110.843902,20.1,1085.6,0.1,"NEON.DOC.001024vH",2021-09-01 16:05:00,2021-08-23,"OK",NA,"Woody individual","clippers","jf4sOIyMYqyuI7TQ4C+uv/PQnYhzI1XRykE0SEt6oTA=","A00000279772","OK","jf4sOIyMYqyuI7TQ4C+uv/PQnYhzI1XROARS1b+JP7SRxc+FZUdiAg==","B00000110814",NA,"OK",NA,NA,NA,NA,NA,NA,"Y","2341","NEON.PLA.D14.SRER.02341","SEGR4","Senegalia greggii (A. Gray) Britton & Rose","Insect damaged","true canopy","Open grown",NA,0.8,1.4,NA,"SRER.02341.2021","high","SRER-2021-polygons","0000-0002-3695-3837","0000-0001-5980-6082",NA,NA,"20240104T231234Z","RELEASE-2024"
"47","14f71416-6d50-4aff-b5fe-fe0e2ec47050","SRER_008.basePlot.cfc","D14","SRER","SRER_008","distributed","shrubScrub","WGS84",31.867013,-110.81472,20.1,1177.2,0.1,"NEON.DOC.001024vH",2021-09-01 17:22:00,2021-08-24,"OK","31_400","Herbaceous clip strip","clippers","jf4sOIyMYqwudtGavobZ/xMvypeVGPlW15O6jr/KH+s=",NA,"OK","jf4sOIyMYqwudtGavobZ/xMvypeVGPlWhMqg5tpuZo8=","B00000110815",NA,"OK",16,"SRER_008_016",2,0.1,70,"N",NA,NA,NA,NA,NA,NA,NA,NA,NA,NA,NA,NA,NA,NA,NA,"0000-0002-8929-7933","0000-0001-5980-6082",NA,NA,"20240104T231234Z","RELEASE-2024"
"48","8a7efdae-3c96-49d0-a230-f6f9d5b83a7b","SRER_052.basePlot.cfc","D14","SRER","SRER_052","tower","shrubScrub","WGS84",31.909531,-110.833359,20,1002.3,0.02,"NEON.DOC.001024vH",2021-09-01 18:25:00,2021-08-23,"OK",NA,"Woody individual","clippers","jf4sOIyMYqznwapiSGD7Ia6LbuQQRYHbV/PsiDWJ2iY=",NA,"OK","jf4sOIyMYqznwapiSGD7Ia6LbuQQRYHbiz3bit/jBtWaBEchsgtHeA==","B00000110696",NA,"OK",NA,NA,NA,NA,NA,NA,"Y","2086","NEON.PLA.D14.SRER.02086","LATR2","Larrea tridentata (DC.) Coville","OK","true canopy","Open grown",NA,1.8,1.8,1.8,"SRER.02086.2021","medium","SRER-2021-polygons","0000-0002-8929-7933","0000-0001-5980-6082",NA,NA,"20240104T231234Z","RELEASE-2024"
"49","35319c80-3bf7-4a1c-a0ea-285ff68feed8","SRER_014.basePlot.cfc","D14","SRER","SRER_014","distributed","shrubScrub","WGS84",31.874117,-110.887014,20.1,963.8,0.1,"NEON.DOC.001024vH",2021-09-02 18:00:00,2021-08-23,"OK","31_400","Herbaceous clip strip","clippers","jf4sOIyMYqzNma/fY6jWP0drjXHsDtINsjPntu913Jw=","A00000280141","OK","jf4sOIyMYqzNma/fY6jWP0drjXHsDtIN0HX0lEQzfB8=","B00000110816",NA,"OK",193,"SRER_014_193",2,0.1,30,"N",NA,NA,NA,NA,NA,NA,NA,NA,NA,NA,NA,NA,NA,NA,NA,"0000-0001-5980-6082","0000-0002-8929-7933",NA,NA,"20240104T231234Z","RELEASE-2024"
