"","uid","namedLocation","plotType","sampleID","sampleCode","collectDate","lmaSampleID","lmaSampleCode","lmaSampleCondition","tissueDescriptor","scanDate","scannedBy","freshMass","ovenStartDate","ovenEndDate","dryMass","weighedBy","scannedLeafNumber","leafArea","percentGreen","leafMassPerArea","dryMassFraction","measuredBy","remarks","dataQF","publicationDate","release"
"1","192f6eaf-a5d5-4610-9503-0dfed4e1474c","SRER_047.basePlot.cfc","tower","jf4sOIyMYqw268AUri/Z9VaZEjBaK/TpFenw1hIgzeg=","A00000279758",2021-08-17 15:22:00,"jf4sOIyMYqw268AUri/Z9VaZEjBaK/TpBw0uEgR7TAuOXHm+yHqYVA==",NA,"OK","leaf",2021-08-19 00:28:00,"0000-0002-3695-3837",0.763,2021-08-19 00:30:00,2021-08-23 21:17:00,0.267,"0000-0003-3879-1971",74,3271,100,81.7,0.35,"0000-0002-3695-3837",NA,NA,"20240104T230557Z","RELEASE-2024"
"2","9c7c4e92-3fd5-4806-ad2f-ab5413ad7f95","SRER_047.basePlot.cfc","tower","jf4sOIyMYqw268AUri/Z9XMKUwNVTYyJB6Ci1OTBR5A=","A00000279759",2021-08-17 16:46:00,"jf4sOIyMYqw268AUri/Z9XMKUwNVTYyJfeLmHsYSYPEk/viJB90eZA==",NA,"OK","leaf",2021-08-19 00:08:00,"0000-0002-3695-3837",0.683,2021-08-19,2021-08-23 21:17:00,0.267,"0000-0003-3879-1971",55,3660,100,73,0.391,"0000-0002-3695-3837",NA,NA,"20240104T230557Z","RELEASE-2024"
"3","d1fd87b4-429a-427e-8de0-cc1d5b06c4b1","SRER_045.basePlot.cfc","tower","jf4sOIyMYqxBbpNkmDSys/+giwkirbfKwrr/J7eB5Jk=","A00000279766",2021-08-17 17:46:00,"jf4sOIyMYqxBbpNkmDSys/+giwkirbfKrJXlbiW+K/0htfMRdS8DsQ==",NA,"OK","leaf",2021-08-18 23:53:00,"0000-0002-3695-3837",1.488,2021-08-19,2021-08-23 21:17:00,0.562,"0000-0003-3879-1971",33,6327,100,88.8,0.378,"0000-0002-3695-3837",NA,NA,"20240104T230557Z","RELEASE-2024"
"4","cdce18e4-16f7-4950-8954-e59f980015e4","SRER_058.basePlot.cfc","tower","jf4sOIyMYqwbEPKhqIXrvHGfy5FxTMS8uiq/gpGl+os=","A00000279896",2021-08-17 18:24:00,"jf4sOIyMYqwbEPKhqIXrvHGfy5FxTMS88Z1rY7xxBQA=",NA,"OK","leaf",2021-08-18 23:38:00,"0000-0002-3695-3837",1.042,2021-08-19,2021-08-23 21:17:00,0.451,"0000-0003-3879-1971",58,4491,100,100.5,0.433,"0000-0002-3695-3837",NA,NA,"20240104T230557Z","RELEASE-2024"
"5","9602b8b0-f8f9-4920-a2b3-c6e56d3f8a28","SRER_002.basePlot.cfc","distributed","jf4sOIyMYqxbxXm4XPGCewWwvP5TuojKaggPobynB6Q=","A00000279747",2021-08-18 16:14:00,"jf4sOIyMYqxbxXm4XPGCewWwvP5TuojKzLvZygKkejsTIMPAOl6o6w==",NA,"OK","leaf",2021-08-18 22:54:00,"0000-0002-3695-3837",0.73,2021-08-19,2021-08-23 21:17:00,0.407,"0000-0003-3879-1971",65,6393,100,63.6,0.557,"0000-0002-3695-3837",NA,NA,"20240104T230557Z","RELEASE-2024"
"6","375aa8d7-20a4-4ac4-8785-97e7e48aba7b","SRER_002.basePlot.cfc","distributed","jf4sOIyMYqwVxe5c4Fd1ygQZ4hNhshRIE4GQrKE+t74=","A00000279887",2021-08-18 16:58:00,"jf4sOIyMYqwVxe5c4Fd1ygQZ4hNhshRIuG4w51s+Pns=",NA,"OK","leaf",2021-08-18 22:32:00,"0000-0002-3695-3837",1.432,2021-08-19,2021-08-23 21:17:00,0.355,"0000-0003-3879-1971",45,5717,100,62.1,0.248,"0000-0002-3695-3837",NA,NA,"20240104T230557Z","RELEASE-2024"
"7","0fd81177-66ed-454a-b3f2-422e60a8db4d","SRER_002.basePlot.cfc","distributed","jf4sOIyMYqxdyL0XwKLMSZ9IkxmNUHal6KSBbdulf6M=","A00000279750",2021-08-18 17:40:00,"jf4sOIyMYqxdyL0XwKLMSZ9IkxmNUHalpoFIlVAraUw=",NA,"OK","leaf",2021-08-18 23:29:00,"0000-0002-3695-3837",2.108,2021-08-19,2021-08-23 21:17:00,1.113,"0000-0003-3879-1971",14,9260,99,120.1,0.528,"0000-0002-3695-3837",NA,NA,"20240104T230557Z","RELEASE-2024"
"8","daa1053c-90a9-4316-bf3b-e1eac68cb3bc","SRER_006.basePlot.cfc","distributed","jf4sOIyMYqy/4wkyZKATbpcA8btE7eSdZmm0fQFqCEI=","A00000279751",2021-08-19 16:03:00,"jf4sOIyMYqy/4wkyZKATbpcA8btE7eSdlbj3DG0A3gc=",NA,"OK","leaf",2021-08-23 21:07:00,"0000-0001-5980-6082",1.535,2021-08-23 21:14:00,2021-08-25 22:25:00,0.774,"0000-0003-3879-1971",29,6133,99,126.2,0.504,"0000-0002-6694-2717",NA,NA,"20240104T230557Z","RELEASE-2024"
"9","2880102b-cd44-4a00-a262-a1712cf3fffb","SRER_006.basePlot.cfc","distributed","jf4sOIyMYqxqeekqhgoxM61l4eLbkTd+g9s4RQFZ5qM=","A00000279748",2021-08-19 16:44:00,"jf4sOIyMYqxqeekqhgoxM61l4eLbkTd+0xI5NhRXW6ssRcuD8+IKVA==",NA,"OK","leaf",2021-08-23 20:41:00,"0000-0001-5980-6082",0.604,2021-08-23 21:14:00,2021-08-25 22:25:00,0.324,"0000-0003-3879-1971",76,2735,100,118.5,0.536,"0000-0002-6694-2717",NA,NA,"20240104T230557Z","RELEASE-2024"
"10","6ca3df5a-214f-4f41-8606-c10eed12877f","SRER_006.basePlot.cfc","distributed","jf4sOIyMYqx6WrAE2n7QNdbMY3sEN7tn1uyga746RfI=","A00000279892",2021-08-19 17:34:00,"jf4sOIyMYqx6WrAE2n7QNdbMY3sEN7tnCXskj6a5GWViVLuUaXPQbA==",NA,"OK","leaf",2021-08-23 20:50:00,"0000-0001-5980-6082",1.318,2021-08-23 21:14:00,2021-08-25 22:25:00,0.383,"0000-0003-3879-1971",27,3991,100,96,0.291,"0000-0002-6694-2717",NA,NA,"20240104T230557Z","RELEASE-2024"
"11","41b1fa4f-b15b-4343-a372-85b4bb771566","SRER_003.basePlot.cfc","distributed","jf4sOIyMYqxtK6NJ70WgOKezBCAQSNDzPBkrPRbNJ98=","A00000279895",2021-08-23 15:14:00,"jf4sOIyMYqxtK6NJ70WgOKezBCAQSNDz7RgU0W4k/pE=",NA,"OK","photosynthetic stem",2021-08-24 21:30:00,"0000-0001-5980-6082",2.864,2021-08-25 22:25:00,2021-08-31 21:10:00,1.751,"0000-0001-5980-6082",7,2457,96,712.7,0.611,"0000-0002-3695-3837",NA,NA,"20240104T230557Z","RELEASE-2024"
"12","051cda2e-0c86-4868-a5e6-02672554d5df","SRER_004.basePlot.cfc","distributed","jf4sOIyMYqyjZ9X7sKVR9WbW9tfoIlNgluZuqN3i2yk=","A00000279770",2021-08-23 15:35:00,"jf4sOIyMYqyjZ9X7sKVR9WbW9tfoIlNg2CoUgdITmUKr+0kxAIC1Xg==",NA,"OK","leaf",2021-08-25 17:48:00,"0000-0001-5980-6082",0.96,2021-08-25 22:25:00,2021-08-31 21:10:00,0.394,"0000-0001-5980-6082",16,2157,100,182.7,0.41,"0000-0002-3695-3837",NA,NA,"20240104T230557Z","RELEASE-2024"
"13","91022092-6a91-4ded-be7b-bda87ec58871","SRER_003.basePlot.cfc","distributed","jf4sOIyMYqwChBBhHdmN/wScOWPDeljSx5v5Km1oBmE=","A00000279752",2021-08-23 15:46:00,"jf4sOIyMYqwChBBhHdmN/wScOWPDeljSSxv2sJc3Lns=",NA,"OK","leaf",2021-08-24 21:50:00,"0000-0001-5980-6082",2.048,2021-08-25 22:25:00,2021-08-31 21:10:00,1.027,"0000-0001-5980-6082",12,8461,100,121.4,0.501,"0000-0002-3695-3837",NA,NA,"20240104T230557Z","RELEASE-2024"
"14","822b69da-a2ce-437b-86e9-000453805625","SRER_004.basePlot.cfc","distributed","jf4sOIyMYqwTQkxTxQGMl28vT/y90y3vGPWp7M9YaVU=","A00000279886",2021-08-23 16:06:00,"jf4sOIyMYqwTQkxTxQGMl28vT/y90y3vEI0/N7MvljwlVU/smCWoOA==",NA,"OK","leaf",2021-08-24 21:09:00,"0000-0001-5980-6082",1.586,2021-08-25 22:25:00,2021-08-31 21:10:00,0.449,"0000-0001-5980-6082",18,5506,99,81.5,0.283,"0000-0002-3695-3837",NA,NA,"20240104T230557Z","RELEASE-2024"
"15","24863f41-adbc-4e5c-a13e-29c22390a228","SRER_004.basePlot.cfc","distributed","jf4sOIyMYqyjZ9X7sKVR9U623BPgOeXOl4iPotUNw4w=","A00000279771",2021-08-23 16:35:00,"jf4sOIyMYqyjZ9X7sKVR9U623BPgOeXOr18IFB+2Oo/GxLv2HXD/mw==",NA,"OK","leaf",2021-08-25 18:02:00,"0000-0001-5980-6082",1.434,2021-08-25 22:25:00,2021-08-31 21:10:00,0.504,"0000-0003-3879-1971",8,3094,100,162.9,0.351,"0000-0002-3695-3837",NA,NA,"20240104T230557Z","RELEASE-2024"
"16","48fe252d-3002-44b6-88dc-157e31e4415a","SRER_004.basePlot.cfc","distributed","jf4sOIyMYqyHHfxnzFnK7vbsreNOK3iDPT05w3J3eNM=","A00000279711",2021-08-23 16:52:00,"jf4sOIyMYqyHHfxnzFnK7vbsreNOK3iD2uSpQt1UBlY=",NA,"OK","photosynthetic stem",2021-08-24 21:57:00,"0000-0001-5980-6082",33.956,2021-08-25 22:25:00,2021-10-25 19:00:00,4.916,"0000-0001-5980-6082",1,3495,97,1406.6,0.145,"0000-0002-3695-3837",NA,NA,"20240104T230557Z","RELEASE-2024"
"17","73407ff5-9a13-4faa-a8cf-a06c2810607c","SRER_004.basePlot.cfc","distributed","jf4sOIyMYqx6wVGq6P1DjblFVlArBUH/SZYkuqpjvdk=","A00000279773",2021-08-23 17:07:00,"jf4sOIyMYqx6wVGq6P1DjblFVlArBUH/par4IIPZfj5ak70b3WsJHQ==",NA,"OK","leaf",2021-08-25 18:13:00,"0000-0001-5980-6082",0.994,2021-08-25 22:25:00,2021-08-31 21:10:00,0.26,"0000-0001-5980-6082",16,4340,93,59.9,0.262,"0000-0002-3695-3837",NA,NA,"20240104T230557Z","RELEASE-2024"
"18","c6431bc2-da40-41f2-8878-5db4ac3d0b19","SRER_003.basePlot.cfc","distributed","jf4sOIyMYqxH5lh5NevTPhIf4NCcV/LCq3qPCer7AAM=","A00000279893",2021-08-23 17:37:00,"jf4sOIyMYqxH5lh5NevTPhIf4NCcV/LC593UJkHbgcGDsKhvLqAFBQ==",NA,"OK","photosynthetic stem",2021-08-24 21:00:00,"0000-0001-5980-6082",99.028,2021-08-25 22:25:00,2021-10-25 19:00:00,6.877,"0000-0001-5980-6082",1,9108,98,755,0.069,"0000-0002-3695-3837",NA,NA,"20240104T230557Z","RELEASE-2024"
"19","aa238c19-9c28-4222-9099-c3177d5e9d29","SRER_004.basePlot.cfc","distributed","jf4sOIyMYqx6wVGq6P1DjdLjlCab33GcXJ22P381QjQ=","A00000279774",2021-08-23 17:39:00,"jf4sOIyMYqx6wVGq6P1DjdLjlCab33GcYOJkl+Xqm73l2n4fFfJKcw==",NA,"OK","leaf",2021-08-24 21:23:00,"0000-0001-5980-6082",0.976,2021-08-25 22:25:00,2021-08-31 21:10:00,0.312,"0000-0001-5980-6082",21,4386,100,71.1,0.32,"0000-0002-3695-3837",NA,NA,"20240104T230557Z","RELEASE-2024"
"20","36c3037b-2635-46f6-9557-89c7a1cc9351","SRER_007.basePlot.cfc","distributed","jf4sOIyMYqxF0fkovBPluXfO4/oLy0qDYPFS9Fbcaxk=","A00000279760",2021-08-24 14:38:00,"jf4sOIyMYqxF0fkovBPluXfO4/oLy0qD4pjkVSktcZElYO34z9VxzQ==",NA,"OK","leaf",2021-08-25 19:02:00,"0000-0001-5980-6082",1.683,2021-08-25 22:25:00,2021-08-31 21:10:00,0.686,"0000-0001-5980-6082",34,5634,100,121.8,0.408,"0000-0002-6694-2717",NA,NA,"20240104T230557Z","RELEASE-2024"
"21","615f03fb-b876-4744-aa39-c198fc86d939","SRER_005.basePlot.cfc","distributed","jf4sOIyMYqzkkNrC4eFqCe5yOWLP1q7V3mN5toV09u4=","A00000279762",2021-08-24 15:01:00,"jf4sOIyMYqzkkNrC4eFqCe5yOWLP1q7VT5qlav96a70nHQjweqr7uw==",NA,"OK","leaf",2021-08-25 19:42:00,"0000-0001-5980-6082",1.484,2021-08-25 22:25:00,2021-08-31 21:10:00,0.613,"0000-0001-5980-6082",25,5751,100,106.6,0.413,"0000-0002-3695-3837",NA,NA,"20240104T230557Z","RELEASE-2024"
"22","f6f115cc-ee79-4997-b1c3-6befe46d9545","SRER_007.basePlot.cfc","distributed","jf4sOIyMYqxber0DlvIjBA/gipF9Yje+rnBoRGbApWw=","A00000279890",2021-08-24 15:12:00,"jf4sOIyMYqxber0DlvIjBA/gipF9Yje+3//P0O5PLuk=",NA,"OK","photosynthetic stem",2021-08-25 20:23:00,"0000-0001-5980-6082",7.336,2021-08-25 22:25:00,2021-08-31 21:36:00,4.276,"0000-0001-5980-6082",8,4066,90,1051.6,0.583,"0000-0002-3695-3837",NA,NA,"20240104T230557Z","RELEASE-2024"
"23","525972f0-4bc9-4e4e-a974-f32a56dbb5aa","SRER_005.basePlot.cfc","distributed","jf4sOIyMYqxdFov1Sz95q3Etl0g68APlJC6hFlash/8=","A00000279753",2021-08-24 15:44:00,"jf4sOIyMYqxdFov1Sz95q3Etl0g68APlqtKhnxxa9nQ=",NA,"OK","leaf",2021-08-25 21:33:00,"0000-0001-5980-6082",1.367,2021-08-25 22:25:00,2021-08-31 21:10:00,0.594,"0000-0001-5980-6082",7,3954,99,150.2,0.435,"0000-0002-3695-3837",NA,NA,"20240104T230557Z","RELEASE-2024"
"24","5c0a1522-a397-43a3-8322-6137207332fb","SRER_005.basePlot.cfc","distributed","jf4sOIyMYqxMWHGAj1ejBy2XZjXwob9UYmnDS8pMq6w=","A00000279764",2021-08-24 16:21:00,"jf4sOIyMYqxMWHGAj1ejBy2XZjXwob9U1XWXEnZdSAMqkdJJuRy+9A==",NA,"OK","leaf",2021-08-25 21:59:00,"0000-0001-5980-6082",0.254,2021-08-25 22:25:00,2021-08-31 21:10:00,0.147,"0000-0001-5980-6082",37,1302,97,112.9,0.579,"0000-0002-3695-3837",NA,NA,"20240104T230557Z","RELEASE-2024"
"25","33d49377-069e-456a-9de8-d38dc4a8d946","SRER_002.basePlot.cfc","distributed","jf4sOIyMYqzx568Z6NmRmUomSSmcnM38zV1eNEbYQ/M=","A00000279891",2021-08-24 16:24:00,"jf4sOIyMYqzx568Z6NmRmUomSSmcnM38S5C1TnV3iyJ+yvmxdfj7oQ==",NA,"OK","leaf",2021-08-25 20:53:00,"0000-0001-5980-6082",68.091,2021-08-25 22:25:00,2021-10-25 18:24:00,5.695,"0000-0001-5980-6082",NA,6188,100,920.4,0.084,NA,NA,NA,"20240104T230557Z","RELEASE-2024"
"26","94e33159-6c17-4ac7-9bd4-49f941457001","SRER_005.basePlot.cfc","distributed","jf4sOIyMYqyDm3Mx/6NQiL2nbmkoUBXZ5LkTl35bQ6Q=","A00000279763",2021-08-24 16:51:00,"jf4sOIyMYqyDm3Mx/6NQiL2nbmkoUBXZyMoUH77RY685h4YFLOhNAw==",NA,"OK","photosynthetic stem",2021-08-25 22:21:00,"0000-0001-5980-6082",186.073,2021-08-25 22:25:00,2021-10-25 19:00:00,14.867,"0000-0001-5980-6082",1,13480,94,1102.9,0.08,"0000-0002-3695-3837",NA,NA,"20240104T230557Z","RELEASE-2024"
"27","568b1522-171e-4929-91ea-74aaebe8f198","SRER_005.basePlot.cfc","distributed","jf4sOIyMYqygv6vu/5h+8P27JkjeHaVtxifJm3m208k=","A00000279885",2021-08-24 17:13:00,"jf4sOIyMYqygv6vu/5h+8P27JkjeHaVtxyN48E3LF1DB4eamhl5jZQ==",NA,"OK","leaf",2021-08-25 22:10:00,"0000-0001-5980-6082",0.956,2021-08-25 22:25:00,2021-08-31 21:10:00,0.324,"0000-0001-5980-6082",22,3490,99,92.8,0.339,"0000-0002-3695-3837",NA,NA,"20240104T230557Z","RELEASE-2024"
"28","d2bf99d2-2be6-4c18-b857-ea620070b87f","SRER_001.basePlot.cfc","distributed","jf4sOIyMYqzqOH83ww6JBfXFbXRkAbZaWwfx9LmlmwI=","A00000279754",2021-08-24 17:36:00,"jf4sOIyMYqzqOH83ww6JBfXFbXRkAbZawfMNHlRFQd8=",NA,"OK","leaf",2021-08-25 21:18:00,"0000-0001-5980-6082",1.073,2021-08-25 22:25:00,2021-08-31 21:10:00,0.745,"0000-0001-5980-6082",6,5875,99,126.8,0.694,"0000-0002-3695-3837",NA,NA,"20240104T230557Z","RELEASE-2024"
"29","da1c5338-2a33-47ae-9bec-35717ae3745d","SRER_001.basePlot.cfc","distributed","jf4sOIyMYqyumbH8dK84wnPxXccKIg5smaJZ/4Q66mE=","A00000279889",2021-08-24 17:45:00,"jf4sOIyMYqyumbH8dK84wnPxXccKIg5su9KbhRV+2nQyS1QLFGzhBg==",NA,"OK","photosynthetic stem",2021-08-25 20:33:00,"0000-0001-5980-6082",34.242,2021-08-25 22:25:00,2021-10-25 19:00:00,2.824,"0000-0001-5980-6082",2,3339,98,845.6,0.082,"0000-0002-3695-3837",NA,NA,"20240104T230557Z","RELEASE-2024"
"30","9afef6cf-604f-4e88-8383-3bf8d27b8d75","SRER_055.basePlot.cfc","tower","jf4sOIyMYqw9IPy6nY1Y0n8wjRmwo2iTpnNSpUABWWs=","A00000279756",2021-08-24 19:18:00,"jf4sOIyMYqw9IPy6nY1Y0n8wjRmwo2iTrh4PDg66ON7mpokMVf1GNA==",NA,"OK","leaf",2021-08-25 21:43:00,"0000-0001-5980-6082",0.266,2021-08-25 22:25:00,2021-08-31 21:10:00,0.218,"0000-0001-5980-6082",8,1098,100,198.5,0.82,"0000-0002-3695-3837",NA,NA,"20240104T230557Z","RELEASE-2024"
"31","2da21294-fa64-4eeb-9d66-b4d64fee8f74","SRER_016.basePlot.cfc","distributed","jf4sOIyMYqyDM2GZFX3UsLfVNMm/oIRDGg2ruM0QMgs=","A00000279757",2021-08-25 14:54:00,"jf4sOIyMYqyDM2GZFX3UsLfVNMm/oIRDg3FwDXL243dMdfWGjNokAw==",NA,"OK","leaf",2021-08-30 16:28:00,"0000-0001-5980-6082",0.384,2021-08-31 21:00:00,2021-09-09 20:00:00,0.162,"0000-0003-3879-1971",37,1645,100,98.4,0.422,"0000-0002-6694-2717",NA,NA,"20240104T230557Z","RELEASE-2024"
"32","8a390121-08b4-480d-a61d-28a7e3ab6b1f","SRER_053.basePlot.cfc","tower","jf4sOIyMYqw13iRK6RdHdn0eK5A01tgekGAtHFV5kL4=","A00000279710",2021-08-25 18:10:00,"jf4sOIyMYqw13iRK6RdHdn0eK5A01tgeNZUmxDA3hkmfqZkyiuFwzQ==",NA,"OK","photosynthetic stem",2021-08-30 16:41:00,"0000-0001-5980-6082",62.635,2021-08-31 21:00:00,2021-10-25 18:24:00,5.441,"0000-0001-5980-6082",1,5533,100,983.4,0.087,"0000-0002-3695-3837",NA,NA,"20240104T230557Z","RELEASE-2024"
"33","5e6f0ae7-6622-46ed-9d91-696bfadfed83","SRER_053.basePlot.cfc","tower","jf4sOIyMYqzspauGGHaFa3AJOQQrZPBeyL1riKUXlCQ=","A00000279898",2021-08-25 18:17:00,"jf4sOIyMYqzspauGGHaFa3AJOQQrZPBe42IwzLUNT0g=",NA,"OK","photosynthetic stem",2021-08-30 17:21:00,"0000-0001-5980-6082",66.084,2021-08-31 21:00:00,2021-10-25 19:00:00,10.049,"0000-0001-5980-6082",1,4867,97,2064.7,0.152,"0000-0002-3695-3837",NA,NA,"20240104T230557Z","RELEASE-2024"
"34","146c0d05-bb8c-4589-9437-e3328d2d4be6","SRER_053.basePlot.cfc","tower","jf4sOIyMYqzspauGGHaFazAzT6NzH8PVhfrqJJrLPAg=","A00000279899",2021-08-25 19:24:00,"jf4sOIyMYqzspauGGHaFazAzT6NzH8PV3UxfEHNaUXU=",NA,"OK","photosynthetic stem",2021-08-30 16:59:00,"0000-0001-5980-6082",73.485,2021-08-31 21:00:00,2021-10-25 19:00:00,9.79,"0000-0001-5980-6082",1,5243,96,1867.3,0.133,"0000-0002-3695-3837",NA,NA,"20240104T230557Z","RELEASE-2024"
"35","acfc1046-9e43-42c0-b39a-dcb101ba7575","SRER_010.basePlot.cfc","distributed","jf4sOIyMYqx6GQXbEJe+igjWFxBIR5buCNin/juErPs=","A00000279709",2021-08-26 14:49:00,"jf4sOIyMYqx6GQXbEJe+igjWFxBIR5buaRJNS/iBUlc=",NA,"OK","leaf",2021-08-30 16:05:00,"0000-0001-5980-6082",2.126,2021-08-31 21:00:00,2021-09-09 20:00:00,1.027,"0000-0003-3879-1971",16,7643,97,134.4,0.483,"0000-0002-6694-2717",NA,NA,"20240104T230557Z","RELEASE-2024"
"36","d381e184-e821-4a3b-a9f4-3f26444f2bee","SRER_006.basePlot.cfc","distributed","jf4sOIyMYqwavsW0R66haBpoAsl0GiBOx+ywlb1dUp4=","A00000279761",2021-08-26 16:10:00,"jf4sOIyMYqwavsW0R66haBpoAsl0GiBOII6UcMR0wKH+FdmuQN37aQ==",NA,"OK","leaf",2021-08-30 15:36:00,"0000-0001-5980-6082",1.55,2021-08-31 21:00:00,2021-09-09 20:00:00,0.64,"0000-0003-3879-1971",19,6103,100,104.9,0.413,"0000-0002-6694-2717",NA,NA,"20240104T230557Z","RELEASE-2024"
"37","1330ab0a-6a2e-42af-bf67-bd2039db0dee","SRER_011.basePlot.cfc","distributed","jf4sOIyMYqxIfWX4kZJhrccks9/zfzpldMoOS7VCdaA=","A00000279745",2021-08-26 18:25:00,"jf4sOIyMYqxIfWX4kZJhrccks9/zfzpl5ozy6UgMFLM=",NA,"OK","leaf",2021-08-30 16:11:00,"0000-0001-5980-6082",2.221,2021-08-31 21:00:00,2021-09-09 20:00:00,1.165,"0000-0003-3879-1971",9,9154,100,127.2,0.524,"0000-0002-6694-2717",NA,NA,"20240104T230557Z","RELEASE-2024"
"38","c5b20911-2211-4ce5-8133-5fd933067543","SRER_018.basePlot.cfc","distributed","jf4sOIyMYqzLy5KDZkk1h+5YsfkhrTE1hz5j3EDhguE=","A00000279749",2021-08-30 17:29:00,"jf4sOIyMYqzLy5KDZkk1h+5YsfkhrTE1CONE1wDTWgBTv4/VWeb3rg==",NA,"OK","leaf",2021-09-02 23:28:00,"0000-0002-3695-3837",0.216,2021-09-03,2021-09-09 20:00:00,0.146,"0000-0003-3879-1971",28,1431,67,101.9,0.675,"0000-0002-3695-3837",NA,NA,"20240104T230557Z","RELEASE-2024"
"39","a0461785-1ddc-4ab6-ac92-37169b6c9b6e","SRER_018.basePlot.cfc","distributed","jf4sOIyMYqxKk7Ecfou2s9KASA1NBRoDlvkFoDLh2R4=","A00000279765",2021-08-30 17:30:00,"jf4sOIyMYqxKk7Ecfou2s9KASA1NBRoDSwv84m9QXVo=",NA,"other","leaf",2021-09-02 23:20:00,"0000-0002-3695-3837",1.439,2021-09-03,2021-09-09 20:00:00,0.822,"0000-0003-3879-1971",NA,NA,100,NA,0.571,"0000-0002-6694-2717","Image not found. Cannot process for leaf area.",NA,"20240104T230557Z","RELEASE-2024"
"40","453091f2-f714-4b7b-8277-c71ed46821b7","SRER_007.basePlot.cfc","distributed","jf4sOIyMYqze1B/4vyCDpBp229xtTweT1cVQTwbwNKQ=","A00000279767",2021-08-30 19:42:00,"jf4sOIyMYqze1B/4vyCDpBp229xtTweTo1Xtczc6mR0EV7U19NXaMw==",NA,"OK","leaf",2021-09-02 23:44:00,"0000-0002-3695-3837",0.316,2021-09-03,2021-09-09 20:00:00,0.147,"0000-0003-3879-1971",32,1463,100,100.6,0.465,"0000-0002-6694-2717",NA,NA,"20240104T230557Z","RELEASE-2024"
"41","fbdb3e5d-c57b-47d0-9768-b52fd51bd1b3","SRER_013.basePlot.cfc","distributed","jf4sOIyMYqwXhmYozHgEMucTonv84WUpAAf77AhGX6c=","A00000279900",2021-08-31 16:05:00,"jf4sOIyMYqwXhmYozHgEMucTonv84WUpKLqbUdYSUoAzcavET9AqOg==",NA,"OK","leaf",2021-08-31 22:57:00,"0000-0002-3695-3837",1.415,2021-08-31 23:00:00,2021-09-09 20:00:00,0.465,"0000-0003-3879-1971",126,3620,100,128.5,0.329,"0000-0002-6694-2717",NA,NA,"20240104T230557Z","RELEASE-2024"
"42","bb32c1e0-2f13-4a4b-a68d-85089e8a06fa","SRER_011.basePlot.cfc","distributed","jf4sOIyMYqyO6mUT6wQZxLdY+0UGnN6o3TPsj7F6Ln8=","A00000279769",2021-08-31 17:47:00,"jf4sOIyMYqyO6mUT6wQZxLdY+0UGnN6oumCavdnc0YMgfCuFkqH44A==",NA,"OK","leaf",2021-08-31 21:51:00,"0000-0002-3695-3837",0.859,2021-08-31 23:00:00,2021-09-09 20:00:00,0.39,"0000-0003-3879-1971",49,5449,100,71.5,0.454,"0000-0002-6694-2717",NA,NA,"20240104T230557Z","RELEASE-2024"
"43","56fc4d71-68c0-4197-b71b-aa0581bd5d1a","SRER_011.basePlot.cfc","distributed","jf4sOIyMYqx481riAd44E4VtZfYzlLHf+AHuqJboxk8=","A00000279884",2021-08-31 18:51:00,"jf4sOIyMYqx481riAd44E4VtZfYzlLHf1pkQtgXiCDM=",NA,"OK","photosynthetic stem",2021-08-31 22:48:00,"0000-0002-3695-3837",10.208,2021-08-31 23:00:00,2021-09-09 20:00:00,6.066,"0000-0003-3879-1971",31,7154,95,847.9,0.594,"0000-0002-3695-3837",NA,NA,"20240104T230557Z","RELEASE-2024"
"44","471aaeeb-64a8-4b2d-ab43-d3087ed20c18","SRER_019.basePlot.cfc","distributed","jf4sOIyMYqxujHk9sjZNdcX8P69531tLMwrb0E+8ujM=","A00000279768",2021-09-01 15:25:00,"jf4sOIyMYqxujHk9sjZNdcX8P69531tLsZ6sr+qgbMRvEt4R0hDwyg==",NA,"OK","leaf",2021-09-02 21:53:00,"0000-0002-3695-3837",0.66,2021-09-03,2021-09-09 20:00:00,0.3,"0000-0003-3879-1971",59,3512,99,85.4,0.455,"0000-0002-3695-3837",NA,NA,"20240104T231234Z","RELEASE-2024"
"45","8fb7c4cb-3cf8-4399-b5b2-85a32aae75dd","SRER_019.basePlot.cfc","distributed","jf4sOIyMYqyuI7TQ4C+uv/PQnYhzI1XRykE0SEt6oTA=","A00000279772",2021-09-01 16:05:00,"jf4sOIyMYqyuI7TQ4C+uv/PQnYhzI1XRv1FgK9ymGe4GQ9kxgBQkbw==",NA,"OK","leaf",2021-09-02 22:22:00,"0000-0002-3695-3837",0.561,2021-09-03,2021-09-09 20:00:00,0.285,"0000-0003-3879-1971",48,2818,99,101.1,0.508,"0000-0002-6694-2717",NA,NA,"20240104T231234Z","RELEASE-2024"
"46","55fde268-2578-462f-bbcc-8f9bba9a5401","SRER_008.basePlot.cfc","distributed","jf4sOIyMYqwudtGavobZ/xMvypeVGPlW15O6jr/KH+s=",NA,2021-09-01 17:22:00,"jf4sOIyMYqwudtGavobZ/xMvypeVGPlWa73vMHxdoPg=",NA,"OK","leaf",2021-09-02 22:52:00,"0000-0002-3695-3837",1.499,2021-09-03,2021-09-09 20:00:00,0.408,"0000-0003-3879-1971",31,7241,100,56.4,0.272,"0000-0002-6694-2717",NA,NA,"20240104T231234Z","RELEASE-2024"
"47","48d9d948-085c-4748-af56-799092cd0fa4","SRER_052.basePlot.cfc","tower","jf4sOIyMYqznwapiSGD7Ia6LbuQQRYHbV/PsiDWJ2iY=",NA,2021-09-01 18:25:00,"jf4sOIyMYqznwapiSGD7Ia6LbuQQRYHbWTEE2iRntgWlx4b8nczMAw==",NA,"OK","leaf",2021-09-06 14:15:00,"0000-0002-3695-3837",0.693,2021-09-06 14:30:00,2021-09-09 20:00:00,0.286,"0000-0003-3879-1971",63,3137,99,91,0.412,"0000-0002-3695-3837",NA,NA,"20240104T231234Z","RELEASE-2024"
"48","09f31e77-28f9-4112-b73c-dad5c71e86c5","SRER_014.basePlot.cfc","distributed","jf4sOIyMYqzNma/fY6jWP0drjXHsDtINsjPntu913Jw=","A00000280141",2021-09-02 18:00:00,"jf4sOIyMYqzNma/fY6jWP0drjXHsDtINI/9ufU1ipgc=",NA,"OK","leaf",2021-09-02 23:06:00,"0000-0002-3695-3837",0.373,2021-09-03,2021-09-09 20:00:00,0.171,"0000-0003-3879-1971",26,2956,85,57.9,0.459,"0000-0002-6694-2717",NA,NA,"20240104T231234Z","RELEASE-2024"
